True Label,0,1
0,97.79411764705883,2.2058823529411766
1,1.948051948051948,98.05194805194806
