True Label,0,1
0,97.5,2.5
1,5.294117647058823,94.70588235294117
