True Label,0,1
0,99.24242424242425,0.7575757575757576
1,1.89873417721519,98.10126582278481
